Workbook

Sheet Tier Rules
B2: Coastal Building Supplies — Rebate Business Rules
B3: Reference tables implementing BR-01 to BR-05 (see Business Requirements Document)
B5: 1. Volume Tier Table (applies to Net Eligible Purchase Value)
B6: Tier | C6: Purchase Range (Quarterly, Net Eligible ₹) | D6: Rebate %
B7: Tier 1 | C7: ₹0 – ₹500,000 | D7: 0.01
B8: Tier 2 | C8: ₹500,001 – ₹1,000,000 | D8: 0.02
B9: Tier 3 | C9: Above ₹1,000,000 | D9: 0.03
B11: 2. Growth Bonus Rule
B12: Condition | C12: Bonus %
B13: YoY Growth > 15% (vs. same quarter, prior year) | C13: 0.005
B14: Note: distributors with no prior-year data are not eligible for Growth Bonus (flagged, not defaulted) — see FR-08.
B16: 3. Exclusions from Net Eligible Purchase Value
B17: Category | C17: Eligible for Rebate?
B18: Standard purchase (delivered, kept) | C18: Yes
B19: Returned goods | C19: No
B20: Cancelled orders | C20: No
B21: Damaged / written-off goods | C21: No
B23: Legend: yellow cells are the editable business-rule inputs (tier %, bonus %). Everything on the 'Rebate Calculator' tab references these cells — change them here, not on the calculator tab.

Sheet Rebate Calculator
B2: Q1 FY26 Distributor Rebate Calculator
B3: Live formulas — implements FR-01 through FR-09. Edit only the yellow input cells.
B5: Distributor | C5: Gross Purchase (₹) | D5: Returns (₹) | E5: Cancelled (₹) | F5: Damaged (₹) | G5: Net Eligible Purchase (₹) | H5: Prior Year Same Qtr (₹) | I5: YoY Growth % | J5: Tier % | K5: Growth Bonus % | L5: Total Rebate % | M5: Rebate Amount (₹)
B6: ABC Traders | C6: 620000 | D6: 20000 | E6: 0 | F6: 5000 | G6: =C6-D6-E6-F6 -> 595000 | H6: 500000 | I6: =IF(H6=0,"N/A - No Prior Data",(G6-H6)/H6) -> 0.19 | J6: =IF(G6<=500000,'Tier Rules'!$D$7,IF(G6<=1000000,'Tier Rules'!$D$8,'Tier Rules'!$D$9)) -> 0.02 | K6: =IF(H6=0,"N/A",IF(I6>0.15,'Tier Rules'!$C$13,0)) -> 0.005 | L6: =J6+IF(ISNUMBER(K6),K6,0) -> 0.025 | M6: =G6*L6 -> 14875
B7: BuildMart | C7: 1150000 | D7: 30000 | E7: 10000 | F7: 0 | G7: =C7-D7-E7-F7 -> 1110000 | H7: 1300000 | I7: =IF(H7=0,"N/A - No Prior Data",(G7-H7)/H7) -> -0.14615385 | J7: =IF(G7<=500000,'Tier Rules'!$D$7,IF(G7<=1000000,'Tier Rules'!$D$8,'Tier Rules'!$D$9)) -> 0.03 | K7: =IF(H7=0,"N/A",IF(I7>0.15,'Tier Rules'!$C$13,0)) -> 0 | L7: =J7+IF(ISNUMBER(K7),K7,0) -> 0.03 | M7: =G7*L7 -> 33300
B8: Prime Hardware | C8: 480000 | D8: 5000 | E8: 0 | F8: 0 | G8: =C8-D8-E8-F8 -> 475000 | H8: 460000 | I8: =IF(H8=0,"N/A - No Prior Data",(G8-H8)/H8) -> 0.032608696 | J8: =IF(G8<=500000,'Tier Rules'!$D$7,IF(G8<=1000000,'Tier Rules'!$D$8,'Tier Rules'!$D$9)) -> 0.01 | K8: =IF(H8=0,"N/A",IF(I8>0.15,'Tier Rules'!$C$13,0)) -> 0 | L8: =J8+IF(ISNUMBER(K8),K8,0) -> 0.01 | M8: =G8*L8 -> 4750
B9: Metro Distributors | C9: 720000 | D9: 10000 | E9: 0 | F9: 0 | G9: =C9-D9-E9-F9 -> 710000 | H9: 560000 | I9: =IF(H9=0,"N/A - No Prior Data",(G9-H9)/H9) -> 0.26785714 | J9: =IF(G9<=500000,'Tier Rules'!$D$7,IF(G9<=1000000,'Tier Rules'!$D$8,'Tier Rules'!$D$9)) -> 0.02 | K9: =IF(H9=0,"N/A",IF(I9>0.15,'Tier Rules'!$C$13,0)) -> 0.005 | L9: =J9+IF(ISNUMBER(K9),K9,0) -> 0.025 | M9: =G9*L9 -> 17750
B10: TOTAL | C10: =SUM(C6:C9) -> 2970000 | D10: =SUM(D6:D9) -> 65000 | E10: =SUM(E6:E9) -> 10000 | F10: =SUM(F6:F9) -> 5000 | G10: =SUM(G6:G9) -> 2890000 | M10: =SUM(M6:M9) -> 70675
B12: Yellow cells = editable inputs. All other cells are live formulas that recalculate automatically (FR-01–FR-09).
B13: Note: Prior Year = 0 is treated as "no prior data" per FR-08, not silently defaulted to 0% growth.
